Date, Close/Last, Volume, Open, High, Low
02/26/2020, 3110.2, 306, 3098.3, 3101.5, 3098.3
02/25/2020, 3132.6, 119, 3221.3, 3255, 3135.2
02/24/2020, 3226.3, 210, 3305.8, 3305.8, 3224
02/21/2020, 3339.3, 101, 3357.6, 3362.2, 3354.4
02/20/2020, 3369.2, 5, 3394.9, 3394.9, 3381.5
02/19/2020, 3387.2, 35, 3378.4, 3379.2, 3375.6
02/18/2020, 3369.3, 84, 3375.1, 3389.3, 3363
02/14/2020, 3380.9, 43, 3378.2, 3386, 3373.1
02/13/2020, 3377.4, 64, 3382, 3382, 3352.3
02/12/2020, 3380.5, 27, 3360.9, 3372, 3359.6
02/11/2020, 3357.6, 53, 3352, 3365, 3352
02/10/2020, 3353, 62, 3321.1, 3352.6, 3305.8
02/07/2020, 3325.5, 69, 3340.9, 3343.1, 3327
02/06/2020, 3345.2, 16, 3343.4, 3352, 3343.4
02/05/2020, 3335, 22, 3292.5, 3327, 3292.5
02/04/2020, 3299.5, 113, 3239.1, 3287.5, 3239.1
02/03/2020, 3245.6, 62, 3231.6, 3247.4, 3230.3
01/31/2020, 3224, 193, 3288.8, 3291.7, 3227
01/30/2020, 3289.7, 34, 3268.5, 3293, 3245.3
01/29/2020, 3272.4, 70, 3274.8, 3292.5, 3274.8
01/28/2020, 3278.3, 61, 3245, 3279.9, 3245
01/27/2020, 3239.6, 348, 3260, 3266.2, 3237
01/24/2020, 3293.5, 21, 3335.3, 3335.3, 3292.3
01/23/2020, 3326, 57, 3317.2, 3320.4, 3315
01/22/2020, 3319.8, 12, 3332.4, 3334.3, 3332
01/21/2020, 3319.5, 50, 3313, 3326.1, 3312
01/17/2020, 3324.9, 49, 3323, 3326, 3322.8
01/16/2020, 3316.4, 8, 3299.1, 3304, 3298.5
01/15/2020, 3293.8, 24, 3280.2, 3287, 3280.2
01/14/2020, 3287.9, 1, 3279, 3279, 3279
01/13/2020, 3289.7, 4, 3273.8, 3275, 3273.8
01/10/2020, 3264.7, 39, 3282.2, 3286.1, 3263.9
01/09/2020, 3275.9, 13, 3263.9, 3271.7, 3263.9
01/08/2020, 3260.2, 90, 3221.7, 3243.2, 3183.7
01/07/2020, 3235.3, 36, 3249.7, 3249.7, 3232.2
01/06/2020, 3243.6, 28, 3217.5, 3229.2, 3210.3
01/03/2020, 3235.4, 86, 3249, 3249, 3208.9
01/02/2020, 3259, 21, 3243.3, 3249.3, 3243.1
12/31/2019, 3231.1, 1, 3224.4, 3224.4, 3224.4
12/30/2019, 3223.4, 12, 3241.9, 3242.6, 3237.7
12/27/2019, 3237.6, 7, 3249.2, 3253.5, 3249.2
12/26/2019, 3244.4, N/A, 3244.4, 3244.4, 3244.4
12/24/2019, 3225.7, 5, 3229.8, 3229.8, 3229.8
12/23/2019, 3227.2, 10, 3227.7, 3232.3, 3227.7
12/20/2019, 3225.7, 5, 3211.5, 3216.5, 3208.9
12/19/2019, 3211.7, 11, 3198.6, 3201.2, 3195
12/18/2019, 3199.3, 15, 3196.9, 3199, 3196.9
12/17/2019, 3195.4, 21, 3198.2, 3201.2, 3194
12/16/2019, 3198.4, 1, 3183.7, 3183.7, 3183.7
12/13/2019, 3175.2, 49, 3181.1, 3186.7, 3165.9
12/12/2019, 3167.9, 6, 3146.7, 3146.7, 3139.4
12/11/2019, 3143.1, 13, 3133.8, 3141.9, 3133.5
12/10/2019, 3136, 8, 3122.8, 3138.4, 3122.4
12/09/2019, 3134.5, 12, 3143.8, 3143.9, 3142.5
12/06/2019, 3146.1, 42, 3125, 3138.6, 3124.3
12/05/2019, 3117.7, 13, 3116.1, 3123.7, 3116.1
12/04/2019, 3111.1, 20, 3084, 3108, 3082.9
12/03/2019, 3091.1, 63, 3115.3, 3120, 3086.3
12/02/2019, 3114.2, 8, 3146.3, 3150, 3144
11/29/2019, 3143.7, 38, 3146.4, 3153.6, 3141.8
11/27/2019, 3153.8, 21, 3144.9, 3150.5, 3144.9
11/26/2019, 3143.7, 34, 3144.1, 3144.1, 3132.2
11/25/2019, 3132.7, 12, 3116, 3118.7, 3116
11/22/2019, 3111.6, 12, 3114, 3114, 3105.8
11/21/2019, 3103.9, 86, 3100.2, 3114, 3093
11/20/2019, 3109, 29, 3112, 3114, 3106
11/19/2019, 3118.5, 25, 3117.5, 3132, 3117.5
11/18/2019, 3121.8, 24, 3125.1, 3127.2, 3122.8
11/15/2019, 3118.3, 9, 3097.8, 3110.6, 3097.8
11/14/2019, 3096.9, 5, 3098, 3098, 3089.9
11/13/2019, 3095.6, 7, 3087.5, 3087.5, 3077.4
11/12/2019, 3091.9, 7, 3092, 3092.4, 3087.9
11/11/2019, 3087.4, 8, 3091.4, 3091.4, 3078.5
11/08/2019, 3090.6, 28, 3089.9, 3089.9, 3078.5
11/07/2019, 3085.9, 38, 3076.5, 3090.3, 3072
11/06/2019, 3075.6, 11, 3070.7, 3074.3, 3070.7
11/05/2019, 3071.9, 13, 3078.9, 3084.3, 3078.9
11/04/2019, 3075.7, 40, 3072.1, 3079, 3072.1
11/01/2019, 3063.2, 30, 3042.5, 3063.1, 3038.8
10/31/2019, 3035.8, 32, 3049.2, 3049.2, 3039
10/30/2019, 3047.8, 4, 3034.3, 3052.5, 3032.5
10/29/2019, 3035.7, 13, 3037.2, 3041.2, 3031
10/28/2019, 3036.3, 8, 3023.8, 3038.9, 3023.8
10/25/2019, 3020.3, 10, 3004.9, 3008.8, 3004.9
10/24/2019, 3004.2, 42, 3012, 3012.9, 3008.5
10/23/2019, 3005.7, 7, 2985, 2993.4, 2985
10/22/2019, 2994.5, 6, 3008.7, 3008.7, 3002.3
10/21/2019, 3006.5, 23, 2985, 3000.5, 2985
10/18/2019, 2988.2, 36, 2996.5, 2998.1, 2991
10/17/2019, 2997.9, 73, 2992.9, 3004.8, 2992.9
10/16/2019, 2991.4, 50, 2996.2, 2996.2, 2985
10/15/2019, 2997.7, 33, 2969.8, 2996.5, 2969.8
10/14/2019, 2965.5, 56, 2975.3, 2982, 2956.4
10/11/2019, 2970.8, 51, 2948, 2973.1, 2945.4
10/10/2019, 2941.1, 180, 2914.7, 2953.7, 2883.9
10/09/2019, 2918.9, 88, 2893.5, 2927, 2891.4
10/08/2019, 2892.6, 62, 2946.2, 2946.2, 2912.6
10/07/2019, 2937.5, 46, 2929, 2943.6, 2929
10/04/2019, 2951, 99, 2907.7, 2920, 2900.2
10/03/2019, 2911.8, 25, 2888, 2894, 2879.8
10/02/2019, 2880.6, 64, 2942, 2946, 2918.5
10/01/2019, 2937.8, 37, 2991, 2991, 2987.3
09/30/2019, 2978.5, 27, 2974, 2975, 2968.2
09/27/2019, 2963.8, 17, 2973.3, 2989.4, 2973.3
09/26/2019, 2980.5, 7, 2983, 2991.1, 2980.2
09/25/2019, 2986.3, 40, 2971.3, 2973.2, 2959.7
09/24/2019, 2970.2, 51, 3007.4, 3012, 3002.2
09/23/2019, 2997.1, 21, 3003, 3003.3, 2987.9
09/20/2019, 2989.5, 118, 3010.5, 3015.7, 3010.5
09/19/2019, 3007.9, 7, 3008.3, 3008.3, 3001
09/18/2019, 3008.6, 30, 3004.2, 3012.6, 3003.5
09/17/2019, 3007.9, 28, 3005.5, 3005.5, 2996.5
09/16/2019, 3001.5, 23, 2994.4, 3005.1, 2987.5
09/13/2019, 3008.6, 5, 3019.7, 3025.3, 3009.2
09/12/2019, 3011.8, 73, 3002.4, 3017.5, 3002.4
09/11/2019, 3002, 16, 2985.7, 3004, 2979.5
09/10/2019, 2978.5, 30, 2972.8, 2973.6, 2967.3
09/09/2019, 2978.2, 34, 2984.7, 2990.8, 2984.4
09/06/2019, 2980.8, 33, 2979, 2983.9, 2978.2
09/05/2019, 2972, 94, 2938, 2970, 2937
09/04/2019, 2938.5, 64, 2902.8, 2935.3, 2902.8
09/03/2019, 2905.9, 206, 2898.5, 2920.9, 2890.3
08/30/2019, 2942, 33, 2922.4, 2944.6, 2922.4
08/29/2019, 2926.7, 50, 2884.2, 2919.7, 2883.5
08/28/2019, 2889.8, 49, 2872.6, 2888.5, 2856.7
08/27/2019, 2865.4, 77, 2882, 2894.6, 2870.9
08/26/2019, 2883.3, 343, 2820.7, 2887.6, 2811.3
08/23/2019, 2855.6, 208, 2923.5, 2936.5, 2849.7
08/22/2019, 2922.3, 40, 2933.3, 2937, 2925.2
08/21/2019, 2929.2, 25, 2897.7, 2920.3, 2897.7
08/20/2019, 2898.2, 38, 2921.8, 2932, 2898
08/19/2019, 2923.7, 47, 2904.2, 2923.7, 2901.5
08/16/2019, 2891.5, 102, 2851.3, 2893, 2850.3
08/15/2019, 2848.6, 322, 2836.6, 2870.6, 2819.3
08/14/2019, 2840.7, 96, 2930, 2935, 2836.7
08/13/2019, 2932, 64, 2882.1, 2933, 2868.4
08/12/2019, 2880.3, 73, 2922.8, 2930.4, 2881.3
08/09/2019, 2919.7, 132, 2930.2, 2933.7, 2916.5
08/08/2019, 2940.1, 116, 2883.7, 2894, 2874.3
08/07/2019, 2880.6, 115, 2875.3, 2885.7, 2845.4
08/06/2019, 2876, 268, 2812.1, 2877.5, 2776.3
08/05/2019, 2830.1, 224, 2927.8, 2931.2, 2822.8
08/02/2019, 2932.4, 172, 2951.2, 2954.2, 2932.4
08/01/2019, 2951.9, 50, 2970.8, 2987, 2950.5
07/31/2019, 2982.3, 36, 3015.1, 3019.5, 2972.8
07/30/2019, 3012.3, 45, 3026, 3026, 3005
07/29/2019, 3021.8, 13, 3025.1, 3025.2, 3021
07/26/2019, 3024.5, 18, 3008, 3024.5, 3007.6
07/25/2019, 3006.5, 16, 3023.2, 3027.2, 3005
07/24/2019, 3021.6, 10, 3006.5, 3019.5, 2999
07/23/2019, 3008, 15, 2992.5, 3003.1, 2992.5
07/22/2019, 2989, 27, 2974.6, 2987.5, 2974.6
07/19/2019, 2976.9, 51, 3008, 3008, 2972.8
07/18/2019, 2997.6, 32, 2983.8, 3005.3, 2976.6
07/17/2019, 2985, 3, 3008.8, 3011.9, 3008.8
07/16/2019, 3007, 34, 3016.9, 3021.5, 3016.5
07/15/2019, 3017.3, 13, 3012.9, 3022.6, 3012.9
07/12/2019, 3015.4, 12, 3006, 3011.5, 3006
07/11/2019, 3003.9, 18, 2996, 3006, 2996
07/10/2019, 2997.4, 36, 2984, 2994.3, 2976.5
07/09/2019, 2982.1, 28, 2967.8, 2983, 2964.5
07/08/2019, 2978.6, 39, 2993.9, 2993.9, 2979.3
07/05/2019, 2990.4, 70, 3004, 3004, 2985.4
07/03/2019, 3000.3, 5, 3004, 3004, 2999
07/02/2019, 2979.6, 18, 2963.5, 2979.5, 2963.1
07/01/2019, 2967.7, 80, 2957.2, 2980.5, 2957.2
06/28/2019, 2944.2, 26, 2937, 2953.5, 2930.1
06/27/2019, 2930.9, 70, 2916, 2934.9, 2916
06/26/2019, 2917.9, 29, 2925.1, 2937, 2918
06/25/2019, 2922.1, 12, 2952, 2955.8, 2944.6
06/24/2019, 2952.1, 6, 2952, 2956.9, 2952
06/21/2019, 2950.6, 63, 2957.2, 2959.1, 2948
06/20/2019, 2960, 89, 2931.7, 2962, 2931.1
06/19/2019, 2933.4, 44, 2924.9, 2933.5, 2924
06/18/2019, 2926.2, 60, 2891, 2926.7, 2891
06/17/2019, 2896.3, 11, 2897.6, 2904.2, 2897.2
06/14/2019, 2894.8, 15, 2896.7, 2901.2, 2889.5
06/13/2019, 2894.4, 48, 2883.7, 2891.2, 2876.1
06/12/2019, 2881, 26, 2885.7, 2886.8, 2877.1
06/11/2019, 2886.9, 38, 2891.3, 2906, 2885.5
06/10/2019, 2889.2, 51, 2887, 2895.2, 2883.6
06/07/2019, 2874.9, 133, 2839.5, 2876.5, 2839.4
06/06/2019, 2845.7, 74, 2818.7, 2842.3, 2814.2
06/05/2019, 2827.7, 82, 2812.3, 2828.2, 2807.6
06/04/2019, 2804.9, 60, 2754.9, 2768.7, 2744.9
06/03/2019, 2749.6, 157, 2749, 2753.2, 2733
05/31/2019, 2752.6, 143, 2786.4, 2786.4, 2750.8
05/30/2019, 2790.4, 80, 2781.5, 2792, 2779.8
05/29/2019, 2780.1, 173, 2802.3, 2802.3, 2779.7
05/28/2019, 2805.1, 101, 2831.2, 2837.8, 2801.3
05/24/2019, 2831.8, 73, 2834, 2834.1, 2827.4
05/23/2019, 2819.4, 115, 2854, 2854, 2820
05/22/2019, 2857.4, 98, 2864.8, 2867.6, 2848.8
05/21/2019, 2866.1, 59, 2849.4, 2863, 2846.8
05/20/2019, 2843.9, 86, 2865.5, 2874.5, 2837.1
05/17/2019, 2862, 75, 2879.7, 2882, 2854.9
05/16/2019, 2878.6, 112, 2853, 2879.5, 2842.3
05/15/2019, 2855, 59, 2841.5, 2856.3, 2820.6
05/14/2019, 2839.2, 137, 2803.5, 2839.5, 2799.3
05/13/2019, 2807.1, 78, 2873.9, 2873.9, 2805.3
05/10/2019, 2886.9, 344, 2871, 2889.5, 2850.1
05/09/2019, 2872.7, 93, 2882.2, 2883, 2853.4
05/08/2019, 2887.2, 313, 2890.1, 2899, 2870.1
05/07/2019, 2890.8, 43, 2912.5, 2927.8, 2890
05/06/2019, 2932.4, 143, 2927.8, 2932, 2885
05/03/2019, 2947.6, 37, 2922, 2930.8, 2922
05/02/2019, 2917.6, 88, 2919, 2931.6, 2918.2
05/01/2019, 2923.1, 9, 2953.8, 2957.3, 2916.8
04/30/2019, 2948.5, 45, 2941.1, 2955.7, 2937.3
04/29/2019, 2942.9, 31, 2943, 2946, 2940.7
04/26/2019, 2941.5, 32, 2925.4, 2941.5, 2919.2
04/25/2019, 2926.3, 18, 2930.5, 2933.8, 2923.8
04/24/2019, 2930.8, 34, 2937.7, 2939, 2928.5
04/23/2019, 2938.1, 27, 2909, 2939, 2909
04/22/2019, 2912.6, 39, 2913.9, 2915.1, 2900.1
04/18/2019, 2909.9, 58, 2895.6, 2907.9, 2890.7
04/17/2019, 2900.4, 29, 2910.7, 2918.7, 2900.8
04/16/2019, 2911.4, 20, 2914, 2920.8, 2911.5
04/15/2019, 2909.5, 17, 2911, 2912, 2909.8
04/12/2019, 2912.5, 56, 2892.1, 2911.6, 2892.1
04/11/2019, 2891.8, 66, 2897.5, 2898.2, 2891.3
04/10/2019, 2894.5, 23, 2883, 2895.7, 2883
04/09/2019, 2882.6, 7, 2894.7, 2896.9, 2891
04/08/2019, 2898.3, 18, 2896.3, 2898.5, 2890.7
04/05/2019, 2896, 52, 2884, 2897.5, 2883.8
04/04/2019, 2882.7, 34, 2881, 2883.5, 2877.4
04/03/2019, 2879.8, 51, 2869, 2884.2, 2869
04/02/2019, 2867.1, 13, 2865.8, 2872, 2865.8
04/01/2019, 2870.5, 133, 2841.1, 2871.5, 2841.1
03/29/2019, 2837.8, 47, 2822.2, 2835.9, 2822.2
03/28/2019, 2821, 53, 2807.5, 2822.5, 2796.9
03/27/2019, 2810.5, 32, 2821.8, 2827.7, 2809
03/26/2019, 2823, 40, 2807, 2824, 2807
03/25/2019, 2807, 85, 2817.2, 2817.2, 2792.4
03/22/2019, 2810.7, 46, 2862, 2862.1, 2806.4
03/21/2019, 2862.6, 92, 2828, 2862.2, 2815.5
03/20/2019, 2827, 44, 2838, 2841.5, 2824.5
03/19/2019, 2836.5, 49, 2842.7, 2852.3, 2836
03/18/2019, 2840.6, 46, 2826.5, 2841.5, 2825.8
03/15/2019, 2829.8, 154, 2815, 2830.5, 2812.9
03/14/2019, 2812.3, 22, 2821.8, 2824, 2811.5
03/13/2019, 2819.6, 23, 2792.4, 2821, 2791.7
03/12/2019, 2797.2, 37, 2790.4, 2799, 2786
03/11/2019, 2789, 43, 2750.1, 2790.2, 2744.4
03/08/2019, 2751.9, 125, 2756.1, 2756.1, 2728.6
03/07/2019, 2750, 110, 2767, 2776.4, 2764.3
03/06/2019, 2771.4, 12, 2787, 2788.2, 2786.1
03/05/2019, 2791.5, 70, 2790.3, 2797.3, 2788.8
03/04/2019, 2791.6, 161, 2810, 2819, 2810
03/01/2019, 2805, 96, 2785.3, 2806.7, 2785.3
02/28/2019, 2784.7, 29, 2787.1, 2792.2, 2782.5
02/27/2019, 2795.1, 17, 2790.8, 2796.4, 2781.2
02/26/2019, 2791.5, 111, 2794, 2794, 2785.7
02/25/2019, 2797.1, 25, 2801.8, 2808, 2797.8
02/22/2019, 2791.2, 18, 2779.3, 2783.2, 2779.3
02/21/2019, 2774.2, 63, 2785.4, 2797.2, 2778.9
02/20/2019, 2787, 29, 2777, 2787.3, 2776.2
02/19/2019, 2778.7, 107, 2779.8, 2779.8, 2770.1
02/15/2019, 2777.1, 56, 2779.8, 2779.8, 2774.7
02/14/2019, 2743.4, 39, 2754, 2759.5, 2737.9
02/13/2019, 2749.6, 45, 2749, 2755.7, 2747.1
02/12/2019, 2744.8, 55, 2718.2, 2729.1, 2717.1
02/11/2019, 2708.3, 20, 2709.5, 2717.6, 2703
02/08/2019, 2706.3, 61, 2699.3, 2700.1, 2689.1
02/07/2019, 2704.1, 85, 2726.1, 2727.7, 2703.8
02/06/2019, 2729.4, 65, 2732.1, 2733.7, 2725.4
02/05/2019, 2731.1, 51, 2719.7, 2728, 2718.3
02/04/2019, 2721.2, 68, 2706.9, 2707, 2701.7
02/01/2019, 2704.2, 89, 2707.4, 2711, 2698.3
01/31/2019, 2704.5, 78, 2683.7, 2711.8, 2681.6
01/30/2019, 2682.5, 22, 2646.6, 2653.2, 2640
01/29/2019, 2640.3, 43, 2636.1, 2647.1, 2629.9
01/28/2019, 2641.9, 20, 2659.5, 2661.1, 2641
01/25/2019, 2663.5, 100, 2635.5, 2660.5, 2635.3
01/24/2019, 2634, 81, 2637.9, 2645, 2634.2
01/23/2019, 2638.3, 30, 2631.5, 2646.9, 2628.5
01/22/2019, 2631.9, 309, 2671.4, 2673.8, 2631
01/18/2019, 2671.6, 7, 2671.4, 2673.8, 2663.5
01/17/2019, 2635.2, 197, 2608, 2609.1, 2598.9
01/16/2019, 2613.2, 119, 2605.6, 2615.8, 2605.6
01/15/2019, 2605.4, 39, 2581.6, 2606.4, 2581.4
01/14/2019, 2580.5, 54, 2589.9, 2589.9, 2568.6
01/11/2019, 2595.1, 69, 2592.5, 2595.7, 2582.7
01/10/2019, 2594.1, 51, 2580.9, 2594.3, 2561.7
01/09/2019, 2582.6, 93, 2570.8, 2586.3, 2570.8
01/08/2019, 2572.4, 113, 2550.7, 2576.6, 2550.7
01/07/2019, 2550.6, 108, 2536.7, 2553.2, 2526.7
01/04/2019, 2531.3, 145, 2453.4, 2530.8, 2439
01/03/2019, 2447.7, 225, 2480.9, 2490, 2447.5
01/02/2019, 2511, 292, 2511.4, 2518.6, 2454.2
12/31/2018, 2505.2, 151, 2502.3, 2512, 2498.7
12/28/2018, 2486, 169, 2489.3, 2519.4, 2478.8
12/27/2018, 2494.9, 382, 2469, 2491, 2423.1
12/26/2018, 2470.9, 291, 2348.8, 2471.8, 2317.7
12/24/2018, 2341.7, 346, 2405.8, 2433.7, 2394.5
12/21/2018, 2413.5, 288, 2484, 2491.2, 2413.3
12/20/2018, 2486.2, 296, 2501, 2517, 2480.3
12/19/2018, 2504.4, 113, 2536.1, 2561, 2495.9
12/18/2018, 2537.9, 89, 2557.9, 2574, 2531.1
12/17/2018, 2555.7, 94, 2599.5, 2615.7, 2554.3
12/14/2018, 2605.4, 72, 2648, 2648, 2600
12/13/2018, 2645.6, 30, 2658.2, 2669.4, 2649.3
12/12/2018, 2652.4, 204, 2633.9, 2674.5, 2633.9
12/11/2018, 2641.2, 181, 2638.6, 2675.4, 2628.8
12/10/2018, 2643.1, 198, 2617.5, 2644, 2610.7
12/07/2018, 2636, 273, 2694.2, 2698.1, 2635.4
12/06/2018, 2691.1, 334, 2713, 2713, 2651.3
12/04/2018, 2701.7, 297, 2699.5, 2719.8, 2699.2
12/03/2018, 2790.7, 260, 2787, 2812.3, 2787
11/30/2018, 2758.3, 127, 2737.6, 2763, 2729.7
11/29/2018, 2744.2, 51, 2738.7, 2743, 2730.5
11/28/2018, 2741.5, 101, 2686.6, 2696.1, 2684.3
11/27/2018, 2683.5, 163, 2659.7, 2685.8, 2656.6
11/26/2018, 2669.9, 113, 2632, 2665.9, 2632
11/23/2018, 2629.5, 161, 2651.2, 2654.6, 2627.4
11/21/2018, 2649, 7, 2651.2, 2651.2, 2645.9
11/20/2018, 2639.9, 169, 2696.2, 2696.2, 2638.2
11/19/2018, 2696.3, 221, 2730.2, 2748, 2728.4
11/16/2018, 2742.9, 156, 2728.3, 2743.1, 2710.8
11/15/2018, 2734.5, 191, 2700.5, 2734.3, 2684.1
11/14/2018, 2698.6, 174, 2731.6, 2743.5, 2698
11/13/2018, 2727.6, 159, 2734.3, 2749.4, 2723
11/12/2018, 2727.8, 119, 2775.4, 2794, 2768.8
11/09/2018, 2778.9, 112, 2804.3, 2810, 2779
11/08/2018, 2808.7, 116, 2815.3, 2816, 2802.7
11/07/2018, 2816.4, 341, 2754.5, 2817, 2747.9
11/06/2018, 2759, 127, 2740.5, 2759.3, 2732.3
11/05/2018, 2739.6, 150, 2722.8, 2728.4, 2713.5
11/02/2018, 2724.3, 201, 2728.8, 2763.8, 2722.2
11/01/2018, 2738.1, 176, 2707.5, 2736.5, 2707.5
10/31/2018, 2711.1, 142, 2688.7, 2713.4, 2684.1
10/30/2018, 2685.3, 135, 2639.6, 2689.8, 2636.3
10/29/2018, 2643.6, 168, 2667.4, 2700, 2639
10/26/2018, 2669.6, 322, 2675, 2679.3, 2649.4
10/25/2018, 2688.2, 354, 2668.3, 2692, 2659
10/24/2018, 2664.3, 206, 2742.1, 2750.1, 2667.1
10/23/2018, 2746.2, 343, 2753, 2753, 2711.3
10/22/2018, 2756.5, 162, 2760.8, 2780.5, 2751.8
10/19/2018, 2767.5, 81, 2773.4, 2786.2, 2772
10/18/2018, 2772.2, 23, 2810, 2810.5, 2773
10/17/2018, 2816.2, 104, 2817.2, 2823, 2805.4
10/16/2018, 2817.8, 176, 2747.1, 2816.5, 2747.1
10/15/2018, 2749.1, 155, 2764.6, 2768, 2746
10/12/2018, 2768.4, 210, 2751.6, 2784.8, 2751.1
10/11/2018, 2745.4, 865, 2776, 2785.6, 2746.3
10/10/2018, 2781.1, 162, 2888.5, 2888.9, 2771.7
10/09/2018, 2888.2, 93, 2890, 2891.4, 2875.5
10/08/2018, 2893.7, 71, 2896.5, 2896.5, 2884
10/05/2018, 2894.1, 113, 2913.5, 2915, 2892.7
10/04/2018, 2907.7, 79, 2925.3, 2925.3, 2910.3
10/03/2018, 2931.6, 19, 2933.3, 2939.5, 2931.4
10/02/2018, 2928.5, 14, 2929.8, 2929.8, 2918
10/01/2018, 2930.1, 49, 2926.1, 2937, 2924
09/28/2018, 2919, 63, 2922.5, 2923.2, 2908.5
09/27/2018, 2919.9, 44, 2914, 2922, 2908
09/26/2018, 2911.5, 153, 2926.2, 2928.5, 2911
09/25/2018, 2921.3, 114, 2926.2, 2933.3, 2923.6
09/24/2018, 2925.4, 181, 2927, 2929.4, 2925
09/21/2018, 2933.7, 144, 2939, 2945, 2933.5
09/20/2018, 2939.4, 43, 2915, 2939.7, 2915
09/19/2018, 2915.1, 62, 2913.3, 2913.4, 2908.2
09/18/2018, 2911.8, 108, 2890.2, 2902.7, 2885.5
09/17/2018, 2896, 43, 2905.7, 2909.5, 2905.3
09/14/2018, 2911.4, 42, 2910.7, 2916.2, 2910.7
09/13/2018, 2905.3, 123, 2890, 2899, 2885.5
09/12/2018, 2888.4, 56, 2890, 2894, 2887.3
09/11/2018, 2889.8, 20, 2884.5, 2884.5, 2870.5
09/10/2018, 2880.3, 58, 2878.4, 2886.4, 2877.8
09/07/2018, 2874.7, 93, 2878.2, 2880.7, 2867.2
09/06/2018, 2879.1, 56, 2888.5, 2891.9, 2883.7
09/05/2018, 2888.3, 227, 2896.3, 2896.3, 2885.2
09/04/2018, 2898.3, 121, 2906.8, 2912.3, 2894.5
08/31/2018, 2902.1, 54, 2906.8, 2912.3, 2905
08/30/2018, 2902, 31, 2916, 2916, 2908
08/29/2018, 2914.7, 15, 2901.7, 2915, 2900.3
08/28/2018, 2899.3, 48, 2901, 2903.3, 2899.7
08/27/2018, 2898.4, 31, 2881, 2899, 2880.5
08/24/2018, 2876.7, 43, 2857.8, 2866.2, 2857.8
08/23/2018, 2858, 26, 2864, 2864, 2858.5
08/22/2018, 2861.2, 42, 2853.4, 2861.8, 2846.5
08/21/2018, 2861.7, 30, 2858, 2864.3, 2855.4
08/20/2018, 2858.6, 52, 2851.7, 2859, 2851.7
08/17/2018, 2852.2, 45, 2840.8, 2848, 2837.5
08/16/2018, 2844.7, 51, 2818, 2836.4, 2818
08/15/2018, 2821.2, 71, 2841.7, 2841.7, 2823
08/14/2018, 2841, 91, 2828.6, 2838, 2828.6
08/13/2018, 2825.5, 260, 2830.4, 2836.5, 2821.2
08/10/2018, 2836.8, 16, 2847, 2847, 2836.7
08/09/2018, 2853.8, 48, 2855.3, 2859.8, 2853
08/08/2018, 2855.3, 47, 2860.8, 2861.1, 2853
08/07/2018, 2859.7, 106, 2851.5, 2857.3, 2851.5
08/06/2018, 2850.1, 29, 2842.2, 2844, 2837.5
08/03/2018, 2839.5, 22, 2830.3, 2835, 2826.9
08/02/2018, 2828.4, 71, 2813.8, 2814.6, 2791.9
08/01/2018, 2810.8, 22, 2814.3, 2820, 2810.4
07/31/2018, 2817.1, 23, 2803.7, 2824.4, 2803.6
07/30/2018, 2803.2, 41, 2810.6, 2818.3, 2806.9
07/27/2018, 2817.5, 22, 2844.8, 2845.9, 2840
07/26/2018, 2842.5, 47, 2836.8, 2839, 2834.1
07/25/2018, 2841.3, 16, 2816, 2820.4, 2816
07/24/2018, 2821, 23, 2812.9, 2824.6, 2812.9
07/23/2018, 2812, 53, 2799.8, 2810.9, 2792.6
07/20/2018, 2800.8, 72, 2807.2, 2809.1, 2794.6
07/19/2018, 2805.3, 25, 2815.7, 2815.7, 2807.7
07/18/2018, 2816, 40, 2814.3, 2814.3, 2808
07/17/2018, 2811.3, 16, 2796.8, 2812.8, 2790.9
07/16/2018, 2796.5, 28, 2808, 2808, 2796.2
07/13/2018, 2803.2, 64, 2801, 2807, 2798
07/12/2018, 2798.5, 113, 2776.1, 2797.8, 2776.1
07/11/2018, 2774.1, 168, 2782.9, 2785.6, 2766.7
07/10/2018, 2796.7, 120, 2787.2, 2797, 2781.3
07/09/2018, 2787.4, 119, 2763.6, 2773.8, 2763.6
07/06/2018, 2762.9, 149, 2735.3, 2762.8, 2732.5
07/05/2018, 2738.6, 293, 2711.7, 2739.4, 2711.7
07/03/2018, 2713.3, 6, 2711.7, 2719.6, 2711.7
07/02/2018, 2727.3, 179, 2723.7, 2727.7, 2699.4
06/29/2018, 2721.6, 95, 2720.9, 2735.9, 2718.6
06/28/2018, 2719.5, 227, 2704.8, 2720, 2694.7
06/27/2018, 2704.9, 135, 2727.3, 2732.3, 2705.3
06/26/2018, 2728.5, 72, 2723.9, 2728, 2716.7
06/25/2018, 2722.3, 69, 2757.5, 2757.5, 2721.5
06/22/2018, 2759.5, 73, 2750.2, 2768, 2750.2
06/21/2018, 2752.5, 91, 2783, 2783.7, 2762.3
06/20/2018, 2772, 183, 2767.3, 2776.3, 2763.6
06/19/2018, 2766.2, 153, 2774.4, 2774.4, 2737
06/18/2018, 2779.7, 60, 2781, 2781, 2765
06/15/2018, 2784.4, 57, 2785.3, 2785.3, 2772.4
06/14/2018, 2788.4, 116, 2780.7, 2788.9, 2772.6
06/13/2018, 2779, 38, 2791.1, 2795, 2790.2
06/12/2018, 2788.2, 165, 2788.7, 2792.8, 2783.3
06/11/2018, 2786.8, 49, 2778, 2785.4, 2776.2
06/08/2018, 2782.5, 53, 2774.8, 2774.8, 2758.5
06/07/2018, 2772.2, 53, 2772, 2778.7, 2772
06/06/2018, 2772.2, 78, 2751.9, 2757.1, 2751.9
06/05/2018, 2751.6, 60, 2742.9, 2751, 2742.9
06/04/2018, 2745.5, 110, 2732.2, 2746.6, 2732.2
06/01/2018, 2733.8, 211, 2706, 2734.1, 2706
05/31/2018, 2705.5, 154, 2720.2, 2728.2, 2717.2
05/30/2018, 2724.6, 172, 2690.7, 2706.2, 2688
05/29/2018, 2692.2, 589, 2726.9, 2728.5, 2694.3
05/25/2018, 2718.3, 22, 2726.9, 2726.9, 2726.6
05/24/2018, 2727.6, 100, 2728.7, 2732.9, 2721
05/23/2018, 2730.7, 167, 2724.7, 2729, 2706
05/22/2018, 2726.1, 99, 2731.6, 2738.9, 2731.6
05/21/2018, 2733.1, 100, 2732.1, 2732.9, 2724.7
05/18/2018, 2713, 65, 2715.9, 2724.8, 2713.5
05/17/2018, 2718.7, 36, 2723.8, 2723.8, 2716.3
05/16/2018, 2722.9, 84, 2708.9, 2714.3, 2704.4
05/15/2018, 2709, 140, 2728.6, 2728.6, 2712.9
05/14/2018, 2730.9, 76, 2733.5, 2739.4, 2733
05/11/2018, 2729.4, 356, 2718.3, 2728.9, 2718
05/10/2018, 2718.7, 20, 2700, 2718.3, 2697.5
05/09/2018, 2696, 183, 2667.4, 2684, 2667.4
05/08/2018, 2670.3, 194, 2667.3, 2670.9, 2660.5
05/07/2018, 2670, 209, 2665.6, 2675.5, 2665.1
05/04/2018, 2663.1, 239, 2633.4, 2663.3, 2619.5
05/03/2018, 2631.8, 214, 2630, 2634.9, 2617.9
05/02/2018, 2627.4, 104, 2645.1, 2656.4, 2625
05/01/2018, 2652.2, 65, 2643.3, 2656.4, 2640.9
04/30/2018, 2647, 79, 2675.5, 2682, 2645.2
04/27/2018, 2671.4, 142, 2673.1, 2674.9, 2666.1
04/26/2018, 2674.6, 106, 2651.8, 2654.2, 2639.7
04/25/2018, 2644.5, 137, 2634.8, 2638.8, 2618.9
04/24/2018, 2635.3, 91, 2671.9, 2686.5, 2671.8
04/23/2018, 2671.3, 100, 2681.6, 2683.1, 2667.3
04/20/2018, 2671.6, 37, 2693, 2695.4, 2671.8
04/19/2018, 2693.1, 48, 2711.1, 2711.1, 2693.1
04/18/2018, 2709.7, 134, 2705.2, 2718, 2705.2
04/17/2018, 2706.6, 180, 2682, 2706.7, 2682
04/16/2018, 2681.7, 150, 2673.6, 2677.1, 2664.5
04/13/2018, 2657.3, 176, 2659.8, 2680.5, 2652.6
04/12/2018, 2664, 87, 2645.5, 2663.4, 2640.9
04/11/2018, 2641.1, 194, 2651.3, 2651.6, 2626.3
04/10/2018, 2655.1, 199, 2617.2, 2656.8, 2614.3
04/09/2018, 2619.1, 232, 2612.7, 2627, 2610.6
04/06/2018, 2605.7, 399, 2657.6, 2657.6, 2603.2
04/05/2018, 2661.8, 287, 2647.6, 2665.7, 2645.3
04/04/2018, 2647, 628, 2608.5, 2608.5, 2560.7
04/03/2018, 2613.2, 192, 2582.5, 2595.4, 2579
04/02/2018, 2575, 88, 2636.9, 2641, 2577.5
03/29/2018, 2643, 168, 2610.4, 2619.6, 2604.1
03/28/2018, 2622.4, 238, 2610.7, 2624.3, 2600.7
03/27/2018, 2615.7, 261, 2661.2, 2679, 2611.2
03/26/2018, 2659.5, 759, 2599.3, 2635, 2592.7
03/23/2018, 2597.8, 414, 2644.4, 2650.5, 2597.2
03/22/2018, 2643.3, 175, 2718.3, 2722.3, 2642.6
03/21/2018, 2718.3, 87, 2726.3, 2726.3, 2718
03/20/2018, 2723.6, 77, 2724.1, 2728, 2719.9
03/19/2018, 2722.8, 69, 2753.5, 2754.3, 2735.7
03/16/2018, 2755.9, 73, 2757.9, 2759, 2751.4
03/15/2018, 2755.6, 87, 2756.7, 2762, 2746.4
03/14/2018, 2753.9, 107, 2764.7, 2783.1, 2755
03/13/2018, 2772.8, 148, 2788.1, 2804, 2768.8
03/12/2018, 2789.1, 61, 2796.3, 2804.5, 2790.6
03/09/2018, 2788.8, 153, 2747.6, 2787.6, 2737.9
03/08/2018, 2739.3, 209, 2721.8, 2734.7, 2720.3
03/07/2018, 2723.3, 467, 2695.5, 2721.5, 2682.6
03/06/2018, 2723.9, 233, 2720.5, 2731.7, 2716.9
03/05/2018, 2718.4, 532, 2682.2, 2717.8, 2664.3
03/02/2018, 2690.2, 313, 2682.2, 2690.4, 2653.8
03/01/2018, 2678.2, 245, 2719.7, 2721, 2701.4
02/28/2018, 2714.4, 123, 2750.1, 2755.1, 2715.1
02/27/2018, 2747.5, 325, 2782.5, 2783.6, 2746.6
02/26/2018, 2784.4, 85, 2751.5, 2784.5, 2744.4
02/23/2018, 2748.8, 58, 2712.7, 2725.9, 2712.7
02/22/2018, 2711.5, 216, 2697.4, 2712.2, 2684
02/21/2018, 2698.7, 62, 2718.4, 2718.5, 2698.1
02/20/2018, 2714.1, 190, 2739.2, 2746.6, 2710
02/16/2018, 2735, 1, 2739.2, 2739.2, 2739.2
02/15/2018, 2733.9, 690, 2693.5, 2732.5, 2693.5
02/14/2018, 2696.9, 718, 2662.6, 2696.8, 2627.5
02/13/2018, 2661.7, 213, 2655.2, 2663.2, 2637.3
02/12/2018, 2655.2, 273, 2627, 2655.6, 2624.9
02/09/2018, 2619.1, 1126, 2595.3, 2616.5, 2581.1
02/08/2018, 2593.4, 300, 2667.3, 2684.7, 2646.2
02/07/2018, 2668.2, 398, 2688.6, 2695, 2665.2
02/06/2018, 2694.3, 2622, 2626.6, 2687.3, 2531.8
02/05/2018, 2607.7, 914, 2758, 2758, 2596
02/02/2018, 2756.7, 510, 2829.8, 2830.4, 2756
02/01/2018, 2822.4, 271, 2832.2, 2836.9, 2810.2
01/31/2018, 2825.8, 474, 2824.2, 2838.5, 2822.7
01/30/2018, 2824.5, 976, 2854.2, 2857.6, 2821.6
01/29/2018, 2853.6, 532, 2873.9, 2878.4, 2852.2
01/26/2018, 2874.5, 250, 2842.4, 2875.6, 2841.7
01/25/2018, 2841.2, 421, 2839.3, 2853.6, 2835.4
01/24/2018, 2841, 339, 2837.8, 2849.6, 2837.7
01/23/2018, 2839.6, 284, 2835.3, 2841.3, 2829
01/22/2018, 2835.2, 436, 2804.3, 2838.1, 2804.3
01/19/2018, 2811, 398, 2797.7, 2813.3, 2792.2
01/18/2018, 2796.2, 371, 2803.7, 2807.8, 2794.7
01/17/2018, 2803.7, 485, 2785.9, 2805.2, 2782.8
01/16/2018, 2782.6, 275, 2792, 2803.4, 2783.4
01/12/2018, 2788.7, 1, 2792, 2792, 2792
01/11/2018, 2769.5, 130, 2752, 2770, 2750.1
01/10/2018, 2750.6, 235, 2751, 2751, 2738.1
01/09/2018, 2752.3, 85, 2747, 2751.9, 2744.2
01/08/2018, 2746.8, 62, 2746, 2747.9, 2737.1
01/05/2018, 2742.6, 155, 2726, 2742.9, 2725
01/04/2018, 2723.8, 217, 2710.1, 2719.3, 2709
01/03/2018, 2710.9, 172, 2693, 2710.7, 2693
01/02/2018, 2692.9, 79, 2678.4, 2693.8, 2676.3
12/29/2017, 2676, 275, 2689.1, 2698.2, 2668
12/28/2017, 2685.7, 67, 2686.9, 2688.3, 2686.9
12/27/2017, 2685.4, 116, 2688.2, 2689.8, 2687.4
12/26/2017, 2687.1, 12, 2686, 2686, 2684.4
12/22/2017, 2686.1, 11, 2689.5, 2690.6, 2686.3
12/21/2017, 2687.8, 131, 2682.1, 2689.1, 2681.2
12/20/2017, 2681.6, 38, 2691, 2692.9, 2689.8
12/19/2017, 2684.1, 45, 2696, 2697.8, 2684.2
12/18/2017, 2694.4, 111, 2687.5, 2695.6, 2687.5
12/15/2017, 2682, 195, 2660.5, 2682.9, 2658.7
12/14/2017, 2655.9, 80, 2669.2, 2673.3, 2652.7
12/13/2017, 2669.1, 29, 2666, 2670.2, 2662
12/12/2017, 2667.8, 12, 2665, 2666.9, 2665
12/11/2017, 2664.5, 46, 2655.4, 2667.2, 2653.2
12/08/2017, 2653.9, 199, 2645.3, 2654.2, 2645.3
12/07/2017, 2639.5, 75, 2631.4, 2634.9, 2626.8
12/06/2017, 2629.2, 295, 2629.1, 2629.1, 2620.5
12/05/2017, 2628.3, 361, 2637, 2644.3, 2636.1
12/04/2017, 2638.2, 264, 2659.6, 2660.8, 2634.8
12/01/2017, 2643.9, 331, 2641.9, 2647.1, 2632.1
11/30/2017, 2647.9, 46, 2625, 2641.9, 2624
11/29/2017, 2625.1, 115, 2625.6, 2629.4, 2623.6
11/28/2017, 2626, 189, 2601, 2626.2, 2598
11/27/2017, 2601.8, 72, 2603, 2603.7, 2597.8
11/24/2017, 2601, 172, 2594.5, 2602.1, 2589.5
11/22/2017, 2594.6, 57, 2595, 2599.9, 2593.3
11/21/2017, 2596.3, 208, 2582.8, 2591.6, 2581
11/20/2017, 2582.1, 204, 2574.4, 2582.7, 2567.9
11/17/2017, 2576.3, 97, 2582.2, 2584.9, 2575.6
11/16/2017, 2585, 110, 2564.3, 2584.8, 2563.6
11/15/2017, 2565.1, 230, 2572, 2572, 2562.2
11/14/2017, 2577.9, 54, 2581.3, 2581.9, 2574.2
11/13/2017, 2581.9, 203, 2581.4, 2583.3, 2570.8
11/10/2017, 2579.6, 108, 2582.8, 2584.2, 2571.8
11/09/2017, 2583.9, 224, 2590.9, 2593, 2577
11/08/2017, 2590.9, 66, 2582.2, 2587.2, 2580
11/07/2017, 2586.8, 97, 2588.2, 2592.8, 2585.7
11/06/2017, 2588.7, 89, 2581.3, 2588.2, 2577
11/03/2017, 2582.7, 59, 2577, 2582.9, 2576.4
11/02/2017, 2576.7, 252, 2571.9, 2578.2, 2565.7
11/01/2017, 2574.8, 557, 2573.1, 2583.8, 2572.7
10/31/2017, 2572.7, 47, 2567.2, 2573, 2567
10/30/2017, 2568.3, 64, 2575, 2575, 2567.9
10/27/2017, 2578.4, 247, 2559, 2569, 2558.6
10/26/2017, 2561.6, 288, 2558.7, 2562.9, 2557
10/25/2017, 2558.5, 77, 2566.3, 2566.3, 2560.6
10/24/2017, 2567.3, 94, 2563.5, 2568.8, 2563.3
10/23/2017, 2563.4, 107, 2575, 2576.7, 2572.3
10/20/2017, 2574, 199, 2560.7, 2573.6, 2560
10/19/2017, 2560.5, 257, 2559.6, 2559.6, 2542.9
10/18/2017, 2560.1, 130, 2557.6, 2561.8, 2557
10/17/2017, 2556.9, 79, 2555.2, 2556.1, 2555.1
10/16/2017, 2556.2, 98, 2556, 2556.2, 2552.4
10/13/2017, 2552.8, 112, 2547.8, 2555.2, 2547.8
10/12/2017, 2549.4, 58, 2552.1, 2552.1, 2548
10/11/2017, 2553, 198, 2548.4, 2548.4, 2545.1
10/10/2017, 2548.5, 324, 2543.3, 2549.2, 2543.3
10/09/2017, 2543.8, 62, 2543.8, 2550.2, 2543.2
10/06/2017, 2545.1, 431, 2548.6, 2549.7, 2543.5
10/05/2017, 2549.9, 98, 2535.7, 2549.5, 2534.7
10/04/2017, 2536.2, 152, 2531.5, 2535.7, 2530
10/03/2017, 2532.8, 304, 2526.5, 2532.8, 2525.5
10/02/2017, 2526.3, 289, 2520.6, 2527.7, 2518.1
09/29/2017, 2516.1, 323, 2507, 2517.7, 2505.5
09/28/2017, 2507.7, 166, 2502.8, 2508.2, 2499.9
09/27/2017, 2504.5, 120, 2495.1, 2504.4, 2494.1
09/26/2017, 2495.6, 145, 2496.1, 2498.9, 2493.9
09/25/2017, 2497, 93, 2502.9, 2503.7, 2494.9
09/22/2017, 2499.4, 146, 2500.4, 2500.4, 2493.1
09/21/2017, 2500.9, 139, 2505, 2505, 2501.8
09/20/2017, 2505.2, 389, 2502.3, 2505.7, 2502.1
09/19/2017, 2504.7, 180, 2502.3, 2505.3, 2502
09/18/2017, 2502.7, 97, 2498.2, 2504.3, 2498.2
09/15/2017, 2497.2, 105, 2490.8, 2499.7, 2487.6
09/14/2017, 2494.3, 57, 2492.2, 2494.1, 2487.9
09/13/2017, 2494.7, 294, 2494.9, 2494.9, 2489.4
09/12/2017, 2494.2, 69, 2485.7, 2490.5, 2485.4
09/11/2017, 2485.8, 286, 2471, 2486.7, 2468
09/08/2017, 2461, 87, 2465, 2465, 2456.2
09/07/2017, 2466.4, 59, 2461, 2467.3, 2460.7
09/06/2017, 2465.5, 120, 2459.3, 2465.3, 2458.1
09/05/2017, 2459.7, 257, 2463, 2470.3, 2462.4
09/01/2017, 2474.2, 20, 2463, 2465.2, 2463
08/31/2017, 2470.1, 215, 2458, 2470.6, 2457.2
08/30/2017, 2455.8, 235, 2446.5, 2456.4, 2443
08/29/2017, 2447.1, 419, 2429.3, 2433.2, 2421.3
08/28/2017, 2443.7, 89, 2442.8, 2448, 2436.8
08/25/2017, 2442.5, 136, 2442.1, 2448.5, 2438
08/24/2017, 2440.8, 105, 2439.3, 2447.9, 2437
08/23/2017, 2441.5, 54, 2453.1, 2453.1, 2441.2
08/22/2017, 2452.8, 117, 2429.4, 2437.1, 2429.4
08/21/2017, 2428, 141, 2431.2, 2431.2, 2420.8
08/18/2017, 2426.8, 267, 2425.9, 2433.2, 2425.4
08/17/2017, 2429.5, 203, 2465.6, 2466.7, 2426.1
08/16/2017, 2467.5, 251, 2464.8, 2470.4, 2462
08/15/2017, 2463.7, 188, 2463.1, 2470.9, 2463.1
08/14/2017, 2463.5, 261, 2447, 2465.2, 2447
08/11/2017, 2440.1, 463, 2436.1, 2444.6, 2430.6
08/10/2017, 2437.6, 125, 2473.7, 2473.7, 2434.1
08/09/2017, 2473, 239, 2468.6, 2468.6, 2459.4
08/08/2017, 2472.8, 64, 2476.1, 2476.3, 2471.6
08/07/2017, 2477.4, 64, 2476.1, 2477.5, 2473.1
08/04/2017, 2472.1, 101, 2470.7, 2476.7, 2469.6
08/03/2017, 2471.7, 156, 2472.3, 2474.4, 2468.3
08/02/2017, 2473.5, 83, 2474.1, 2475.6, 2473
08/01/2017, 2472.3, 191, 2468, 2477, 2468
07/31/2017, 2468, 203, 2474, 2475.2, 2469.6
07/28/2017, 2470.3, 65, 2462.6, 2470.8, 2461.8
07/27/2017, 2471.9, 126, 2477.4, 2479.6, 2476.6
07/26/2017, 2473.3, 132, 2473, 2479.3, 2473
07/25/2017, 2474.1, 103, 2468.2, 2477.6, 2468.1
07/24/2017, 2468.4, 41, 2466, 2468.3, 2463.8
07/21/2017, 2469.4, 105, 2471.3, 2475.2, 2467.3
07/20/2017, 2471.2, 149, 2470, 2475.9, 2469.9
07/19/2017, 2471.4, 64, 2459.1, 2460.3, 2458.3
07/18/2017, 2457.8, 132, 2458.5, 2460.2, 2452.8
07/17/2017, 2458.6, 68, 2457.1, 2458.6, 2454.7
07/14/2017, 2456.1, 156, 2446, 2457, 2442.2
07/13/2017, 2445.6, 376, 2444.2, 2446, 2441.3
07/12/2017, 2440.1, 267, 2422.9, 2441.4, 2422.9
07/11/2017, 2424.5, 122, 2424, 2426.8, 2421.9
07/10/2017, 2424.6, 256, 2426, 2427, 2420.5
07/07/2017, 2422.6, 168, 2410.5, 2416.4, 2407.6
07/06/2017, 2408.4, 416, 2428, 2428, 2416.9
07/05/2017, 2428, 586, 2427, 2430.9, 2422.6
07/03/2017, 2425, 20, 2427, 2427, 2427
06/30/2017, 2420.9, 258, 2421.1, 2426.1, 2418.1
06/29/2017, 2420, 89, 2443.9, 2444.4, 2421.4
06/28/2017, 2438.4, 284, 2419, 2439.3, 2414.3
06/27/2017, 2420.6, 96, 2437.1, 2437.4, 2417.2
06/26/2017, 2436, 82, 2435.5, 2442.3, 2435.5
06/23/2017, 2434.9, 88, 2432, 2434.9, 2431
06/22/2017, 2431.8, 113, 2430, 2433, 2429.5
06/21/2017, 2433.6, 183, 2436, 2437.9, 2429.6
06/20/2017, 2437.5, 153, 2449, 2450.6, 2436.4
06/19/2017, 2447.5, 212, 2433.5, 2448, 2433.5
06/16/2017, 2431, 137, 2432.4, 2435.7, 2431.2
06/15/2017, 2432.1, 167, 2432.1, 2432.1, 2417
06/14/2017, 2435.3, 103, 2437.1, 2442.1, 2434.2
06/13/2017, 2438, 71, 2429.2, 2438.6, 2428.9
06/12/2017, 2426.4, 127, 2427.9, 2427.9, 2420.7
06/09/2017, 2428.3, 455, 2424.4, 2434.9, 2424
06/08/2017, 2432.5, 102, 2431.4, 2436.3, 2431.1
06/07/2017, 2431.9, 87, 2431.9, 2432.8, 2428.5
06/06/2017, 2430.8, 168, 2433, 2433, 2427.3
06/05/2017, 2434.5, 26, 2434, 2436.5, 2434
06/02/2017, 2437.7, 354, 2429.6, 2437.2, 2428.6
06/01/2017, 2429.6, 149, 2413.1, 2430, 2411.6
05/31/2017, 2411.1, 176, 2411, 2416.4, 2410.3
05/30/2017, 2410.7, 273, 2415.9, 2416.7, 2408.6
05/26/2017, 2413.8, 7, 2412.9, 2416.5, 2408.4
05/25/2017, 2413.4, 141, 2404, 2413.5, 2404
05/24/2017, 2401.9, 70, 2396, 2403.6, 2396
05/23/2017, 2398, 74, 2390.8, 2397.4, 2387.3
05/22/2017, 2392.7, 150, 2382.1, 2385, 2378.5
05/19/2017, 2381.5, 64, 2364.1, 2370.4, 2362
05/18/2017, 2363.6, 357, 2356.7, 2366.1, 2344.5
05/17/2017, 2357.5, 251, 2392.4, 2392.4, 2356.3
05/16/2017, 2397.1, 58, 2398.1, 2403.9, 2397
05/15/2017, 2398.4, 46, 2389, 2400.3, 2389
05/12/2017, 2388.7, 44, 2390.8, 2391.6, 2385.1
05/11/2017, 2391.1, 143, 2394.4, 2394.4, 2388.6
05/10/2017, 2395.3, 105, 2389.4, 2391.9, 2388
05/09/2017, 2393.3, 67, 2395.4, 2398.1, 2392.7
05/08/2017, 2395, 102, 2401.6, 2401.7, 2392.7
05/05/2017, 2397.7, 128, 2379.4, 2398.3, 2379.4
05/04/2017, 2385.5, 133, 2385.9, 2390.5, 2385.3
05/03/2017, 2383.2, 135, 2384.2, 2384.2, 2381
05/02/2017, 2385.8, 112, 2385.6, 2387, 2384.7
05/01/2017, 2386.9, 36, 2377.9, 2387.4, 2377.8
04/28/2017, 2380.5, 179, 2385.2, 2388.4, 2383.8
04/27/2017, 2386.1, 152, 2381.6, 2387.5, 2381.6
04/26/2017, 2382.2, 275, 2384.5, 2386.6, 2383.1
04/25/2017, 2385, 210, 2371.9, 2379.5, 2371.6
04/24/2017, 2370, 303, 2364.5, 2376.6, 2364.5
04/21/2017, 2347.4, 113, 2352.9, 2355.4, 2352.9
04/20/2017, 2352.1, 129, 2334, 2340.8, 2334
04/19/2017, 2333.7, 121, 2340, 2346.3, 2340
04/18/2017, 2337.3, 75, 2344.1, 2344.6, 2335.5
04/17/2017, 2345, 46, 2325, 2331.5, 2324.1
04/13/2017, 2327.4, 186, 2339, 2342.9, 2327.9
04/12/2017, 2340.8, 137, 2348, 2355.3, 2339.6
04/11/2017, 2351.1, 73, 2353, 2353.1, 2348.7
04/10/2017, 2352.5, 65, 2352.9, 2355.4, 2350.3
04/07/2017, 2352.2, 176, 2349, 2354, 2337.5
04/06/2017, 2353.7, 231, 2343, 2351.7, 2338
04/05/2017, 2346.6, 60, 2353.9, 2361.7, 2345.1
04/04/2017, 2356.6, 85, 2351.2, 2358.7, 2346.8
04/03/2017, 2356.1, 124, 2358.8, 2362.9, 2358.2
03/31/2017, 2359.2, 56, 2365, 2365, 2357.6
03/30/2017, 2364.6, 136, 2357.7, 2358.5, 2353.7
03/29/2017, 2357, 131, 2353, 2356.5, 2351.1
03/28/2017, 2351.4, 97, 2340.4, 2351.6, 2334.8
03/27/2017, 2338.4, 238, 2336.8, 2336.8, 2318
03/24/2017, 2344.8, 167, 2348.7, 2348.7, 2341.1
03/23/2017, 2340, 163, 2344.6, 2347.6, 2341.7
03/22/2017, 2342.6, 523, 2337.4, 2341.9, 2332.8
03/21/2017, 2342.2, 179, 2368, 2376.1, 2341.2
03/20/2017, 2370.3, 159, 2373, 2373, 2369.3
03/17/2017, 2375.2, 399, 2375.8, 2381, 2374.8
03/16/2017, 2379.1, 124, 2383, 2388.4, 2379.7
03/15/2017, 2380.6, 197, 2364, 2369.7, 2364
03/14/2017, 2363.1, 212, 2370.2, 2370.6, 2362.3
03/13/2017, 2371.8, 247, 2366.8, 2371.7, 2366.2
03/10/2017, 2368.6, 130, 2366.1, 2375.8, 2366.1
03/09/2017, 2366.3, 182, 2363.2, 2366, 2359.8
03/08/2017, 2364.1, 80, 2362.5, 2369.6, 2360.2
03/07/2017, 2366.4, 203, 2372.8, 2375, 2366.4
03/06/2017, 2375.4, 258, 2375.3, 2376.8, 2369
03/03/2017, 2381.2, 321, 2379.9, 2380, 2374.2
03/02/2017, 2381.9, 137, 2393.5, 2394.2, 2380.1
03/01/2017, 2393.5, 305, 2365, 2393, 2364.3
02/28/2017, 2362.8, 380, 2366, 2368.1, 2361.7
02/27/2017, 2368.3, 138, 2368.5, 2369.2, 2362.6
02/24/2017, 2364.9, 337, 2359.4, 2364.2, 2350
02/23/2017, 2362.8, 171, 2363.1, 2366.6, 2359.5
02/22/2017, 2360.9, 179, 2360, 2363.3, 2355.7
02/21/2017, 2360, 275, 2347.4, 2360.2, 2347.4
02/17/2017, 2347.9, 1, 2347.4, 2347.4, 2347.4
02/16/2017, 2347.9, 441, 2345, 2348.2, 2337
02/15/2017, 2345.6, 396, 2348.5, 2349, 2344.8
02/14/2017, 2350.4, 156, 2335.8, 2337.9, 2332
02/13/2017, 2337, 238, 2325.5, 2336, 2323.8
02/12/2017, 2326.3, 187, 2316, 2318.4, 2313.8
02/10/2017, 2312.7, 116, 2304, 2309.1, 2304
02/09/2017, 2304.3, 163, 2290.7, 2295.8, 2290.1
02/08/2017, 2290.2, 206, 2293, 2290.8, 2284.5
02/07/2017, 2288.4, 179, 2286, 2293.6, 2284.5
02/06/2017, 2286.5, 156, 2290.9, 2294, 2284.4
02/03/2017, 2291, 335, 2273.5, 2291.9, 2273.5
02/02/2017, 2275.4, 574, 2270.7, 2274.8, 2264.6
02/01/2017, 2274.5, 228, 2276, 2282, 2274.2
01/31/2017, 2274.5, 241, 2276, 2277.4, 2269.7
01/30/2017, 2276, 160, 2283.1, 2284.4, 2275.9
01/27/2017, 2289.1, 211, 2292.1, 2296.2, 2289.3
01/26/2017, 2294.1, 129, 2292.7, 2298.3, 2292.7
01/25/2017, 2293.9, 216, 2276.9, 2293.2, 2276
01/24/2017, 2274.6, 256, 2260.8, 2263.8, 2259.8
01/23/2017, 2262, 317, 2262.3, 2263.3, 2258.1
01/20/2017, 2265.9, 202, 2261.9, 2267.3, 2261.7
01/19/2017, 2261.6, 75, 2266, 2266.5, 2261.8
01/18/2017, 2266.6, 349, 2263.2, 2268, 2263.1
01/17/2017, 2262.7, 406, 2266.2, 2268.2, 2258.2
01/13/2017, 2272.5, 278, 2264.5, 2271.1, 2264.2
01/12/2017, 2263.4, 228, 2268.2, 2268.2, 2261
01/11/2017, 2270.6, 212, 2264.2, 2265.3, 2260
01/10/2017, 2263.7, 295, 2263, 2265.7, 2260
01/09/2017, 2265, 272, 2272, 2274, 2264.4
01/06/2017, 2271.5, 248, 2265.3, 2266.2, 2261.9
01/05/2017, 2264.3, 130, 2264.5, 2264.7, 2259.3
01/04/2017, 2264.3, 410, 2252.7, 2264.3, 2252.7
01/03/2017, 2252.6, 351, 2251.8, 2254.9, 2239.7
12/30/2016, 2236.2, 217, 2246.4, 2251.3, 2233.5
12/29/2016, 2245.1, 267, 2246, 2247.6, 2244.4
12/28/2016, 2245.3, 86, 2262.1, 2267.3, 2262.1
12/27/2016, 2260.9, 238, 2258.7, 2262.4, 2257.9
12/23/2016, 2260, 394, 2259, 2259.3, 2255.7
12/22/2016, 2258.7, 116, 2258.6, 2260.3, 2256
12/21/2016, 2260.4, 175, 2267, 2267.5, 2264.2
12/20/2016, 2266.5, 113, 2262.2, 2267.4, 2262.2
12/19/2016, 2260.1, 60, 2257, 2258.3, 2256.8
12/16/2016, 2255.3, 301, 2260, 2263.8, 2254.4
12/15/2016, 2258.4, 363, 2253, 2257.3, 2247.9
12/14/2016, 2252, 206, 2267.8, 2268.7, 2252.7
12/13/2016, 2267.8, 294, 2250.6, 2267.4, 2248
12/12/2016, 2250.4, 153, 2258.8, 2258.8, 2250
12/09/2016, 2254.7, 65, 2242.8, 2255.7, 2240.2
12/08/2016, 2242.4, 335, 2235, 2240.9, 2234.1
12/07/2016, 2236.7, 301, 2210.9, 2236.4, 2207
12/06/2016, 2210.1, 368, 2204.2, 2211.5, 2202.7
12/05/2016, 2204.2, 467, 2181.8, 2205, 2180
12/02/2016, 2192.1, 199, 2190.8, 2190.9, 2184.8
12/01/2016, 2192.1, 511, 2192, 2202.8, 2191.3
11/30/2016, 2198.8, 347, 2204.1, 2211.8, 2198.1
11/29/2016, 2203.8, 268, 2200, 2205.3, 2199.6
11/28/2016, 2200.8, 236, 2207.5, 2207.5, 2201
11/25/2016, 2211.3, 365, 2201.1, 2207.5, 2198
11/24/2016, 2200.8, 24, 2201.1, 2201.1, 2198
11/23/2016, 2200.8, 218, 2200.5, 2202.6, 2195.8
11/22/2016, 2200.3, 532, 2193.4, 2202, 2193.4
11/21/2016, 2192.9, 334, 2179.9, 2193.8, 2179.7
11/18/2016, 2180.8, 98, 2181.1, 2184.9, 2178
11/17/2016, 2184.3, 191, 2172.6, 2177.2, 2172
11/16/2016, 2172.8, 391, 2178.6, 2183, 2169.1
11/15/2016, 2179.3, 343, 2161.5, 2169.1, 2158.7
11/14/2016, 2160.4, 752, 2164.5, 2174, 2159.3
11/11/2016, 2161.6, 335, 2164.5, 2169.2, 2152.3
11/10/2016, 2167.2, 365, 2157, 2180.5, 2156
11/09/2016, 2160.3, 2184, 2141.4, 2151.7, 2028.5
11/08/2016, 2135.5, 280, 2128.5, 2129.8, 2121.8
11/07/2016, 2129.1, 492, 2103.5, 2111.4, 2103.4
11/04/2016, 2080, 447, 2084, 2088, 2081.3
11/03/2016, 2083.6, 530, 2091.5, 2098.4, 2084.5
11/02/2016, 2092.3, 212, 2101.5, 2103.2, 2090.3
11/01/2016, 2103.8, 242, 2123, 2128, 2103.6
10/31/2016, 2120.1, 185, 2122, 2129.3, 2119
10/28/2016, 2123.8, 290, 2127.5, 2129, 2116.5
10/27/2016, 2123.4, 281, 2133.6, 2143.1, 2124.7
10/26/2016, 2134.1, 213, 2134, 2134.8, 2128.5
10/25/2016, 2138, 184, 2144.8, 2149.2, 2136.6
10/24/2016, 2144.3, 188, 2137, 2147, 2136.8
10/21/2016, 2134.7, 264, 2138, 2138, 2124.6
10/20/2016, 2137.1, 200, 2137.2, 2142, 2132.1
10/19/2016, 2138.1, 146, 2132, 2138.7, 2126.8
10/18/2016, 2131.9, 343, 2121.7, 2139.2, 2121.6
10/17/2016, 2123.1, 209, 2122.9, 2127.7, 2117.2
10/14/2016, 2126.9, 429, 2125.5, 2138.5, 2123.5
10/13/2016, 2126.3, 470, 2127, 2128.3, 2113.7
10/12/2016, 2131.5, 362, 2135, 2140, 2128.1
10/11/2016, 2134.4, 123, 2159, 2160.5, 2151.5
10/10/2016, 2159.1, 87, 2151.2, 2159, 2150.1
10/07/2016, 2146.5, 365, 2155.2, 2160, 2148.3
10/06/2016, 2156.5, 181, 2153.5, 2154.8, 2148
10/05/2016, 2153.3, 273, 2153.2, 2153.2, 2141.5
10/04/2016, 2144.7, 357, 2153.9, 2159, 2144.5
10/03/2016, 2153.2, 335, 2159, 2164, 2153.4
09/30/2016, 2160.4, 236, 2144.7, 2158.2, 2136
09/29/2016, 2148.5, 315, 2163.5, 2166.3, 2147.7
09/28/2016, 2163.2, 313, 2152.2, 2157.8, 2148.4
09/27/2016, 2152.8, 580, 2139.1, 2153.2, 2135.9
09/26/2016, 2139.7, 591, 2156.2, 2158.7, 2139.8
09/23/2016, 2158.1, 297, 2168.3, 2169.2, 2157.6
09/22/2016, 2168.3, 547, 2155.2, 2168.8, 2153
09/21/2016, 2156.2, 298, 2130, 2156.6, 2127
09/20/2016, 2131.1, 477, 2133.9, 2141.8, 2129
09/19/2016, 2132.9, 322, 2131.4, 2143.7, 2131.4
09/16/2016, 2132.5, 425, 2136.4, 2136.4, 2127.3
09/15/2016, 2137.9, 546, 2117.7, 2137.2, 2108
09/14/2016, 2113.3, 627, 2128.6, 2129.8, 2114
09/13/2016, 2122.2, 460, 2148.6, 2149, 2124.5
09/12/2016, 2151.9, 1578, 2112, 2151.5, 2100.3
09/09/2016, 2116, 273, 2170.1, 2170.6, 2157.7
09/08/2016, 2171, 307, 2184.5, 2189.1, 2177
09/07/2016, 2184.6, 137, 2184.6, 2186, 2181.4
09/06/2016, 2184.5, 201, 2179.2, 2185.6, 2175.6
09/02/2016, 2184.5, 250, 2166.7, 2179.1, 2165
09/01/2016, 2178, 250, 2166.7, 2179.1, 2165
08/31/2016, 2167.3, 377, 2169, 2176.6, 2166.6
08/30/2016, 2169.5, 200, 2170, 2175.8, 2168.9
08/29/2016, 2175.2, 349, 2179.5, 2180.3, 2175.8
08/28/2016, 2179.3, 123, 2167.6, 2180.2, 2164.5
08/26/2016, 2179.3, N/A, 2179.3, 2179.3, 2179.3
08/25/2016, 2168.4, 196, 2173.8, 2175.3, 2167.1
08/24/2016, 2173.6, 176, 2174.4, 2176, 2169.3
08/23/2016, 2174.9, 170, 2185.2, 2187.2, 2174.9
08/22/2016, 2185.2, 201, 2180.3, 2188.6, 2180.3
08/21/2016, 2181.4, 178, 2181.6, 2184.3, 2176.3
08/19/2016, 2181.4, N/A, 2181.4, 2181.4, 2181.4
08/18/2016, 2181.7, 156, 2183.6, 2183.9, 2175.9
08/17/2016, 2183.6, 228, 2180.6, 2183.4, 2176.6
08/16/2016, 2179.7, 268, 2177.7, 2181.3, 2174.1
08/15/2016, 2176.8, 269, 2185.9, 2185.9, 2177.4
08/14/2016, 2185.9, 171, 2180.6, 2185.9, 2180.6
08/12/2016, 2185.9, N/A, 2185.9, 2185.9, 2185.9
08/11/2016, 2180.2, 215, 2182.1, 2183.8, 2179
08/10/2016, 2181.8, 96, 2171.6, 2181.3, 2169.6
08/09/2016, 2172.7, 98, 2177.5, 2180.8, 2172.7
08/08/2016, 2177.6, 254, 2176, 2178.5, 2174.8
08/07/2016, 2175.5, 233, 2176, 2182.4, 2176
08/05/2016, 2175.5, N/A, 2175.5, 2175.5, 2175.5
08/04/2016, 2176.8, 354, 2160, 2177.5, 2159.8
08/03/2016, 2159.3, 320, 2156.8, 2164.2, 2155
08/02/2016, 2157, 482, 2156.9, 2157.8, 2146.3
08/01/2016, 2152.7, 593, 2166.1, 2169.4, 2151.4
07/31/2016, 2164.4, 229, 2173.4, 2176.3, 2165.2
07/29/2016, 2164.4, N/A, 2164.4, 2164.4, 2164.4
07/28/2016, 2168.2, 169, 2165.7, 2170.6, 2158.9
07/27/2016, 2164.7, 298, 2162.5, 2168.1, 2157
07/26/2016, 2160.6, 261, 2164.6, 2169.1, 2162
07/25/2016, 2163.3, 352, 2162.7, 2165.8, 2158.5
07/24/2016, 2162.2, 278, 2167.6, 2171.2, 2162.5
07/22/2016, 2162.2, N/A, 2162.2, 2162.2, 2162.2
07/21/2016, 2167.4, 357, 2158.6, 2167.8, 2157.5
07/20/2016, 2157.9, 238, 2167.5, 2169, 2158.8
07/19/2016, 2167.6, 256, 2159, 2168.3, 2155.3
07/18/2016, 2158.7, 361, 2160, 2161, 2151.8
07/17/2016, 2159.9, 334, 2154.4, 2162.4, 2154.1
07/15/2016, 2159.9, N/A, 2159.9, 2159.9, 2159.9
07/14/2016, 2152.7, 622, 2156.1, 2161.1, 2143.9
07/13/2016, 2157.2, 419, 2145.5, 2152, 2142.5
07/12/2016, 2145.8, 433, 2130.8, 2146.1, 2129.6
07/11/2016, 2130.3, 420, 2130.5, 2132, 2123.4
07/08/2016, 2120.5, 595, 2091.3, 2121, 2088
07/07/2016, 2092, 283, 2091.5, 2097.8, 2089.5
07/06/2016, 2094.1, 592, 2082, 2093, 2067.5
07/05/2016, 2082.7, 686, 2100, 2103, 2081.2
07/01/2016, 2096.3, 11, 2098.5, 2100, 2096.5
06/30/2016, 2090.2, 590, 2072.8, 2087.2, 2056.5
06/29/2016, 2066.8, 499, 2027.5, 2073.5, 2023
06/28/2016, 2028.4, 948, 1990, 2029.7, 1988.7
06/27/2016, 1984.9, 634, 2014.8, 2022.2, 1984.9
06/24/2016, 2018.6, 1812, 2115, 2119.4, 1999
06/23/2016, 2105.8, 586, 2083, 2110, 2083
06/22/2016, 2076.7, 109, 2078.2, 2084.4, 2077.7
06/21/2016, 2080.4, 319, 2075.8, 2086, 2075.8
06/20/2016, 2074.2, 603, 2073, 2087.1, 2073
06/17/2016, 2058.9, 331, 2058.8, 2074, 2058.8
06/16/2016, 2070.6, 338, 2062, 2070.7, 2051.9
06/15/2016, 2063.4, 398, 2061.5, 2072.1, 2061.5
06/14/2016, 2065.9, 480, 2066.7, 2071, 2060.5
06/13/2016, 2069.7, 376, 2083.5, 2084.7, 2067.8
06/10/2016, 2087.3, 185, 2104.2, 2104.2, 2088.9
06/09/2016, 2105.2, 116, 2117.1, 2117.1, 2108.6
06/08/2016, 2118.1, 119, 2109.6, 2117.7, 2109.1
06/07/2016, 2110.3, 272, 2108.3, 2116, 2108
06/06/2016, 2108.3, 422, 2098, 2104, 2095
06/03/2016, 2097.8, 433, 2103.3, 2105, 2092
06/02/2016, 2103.8, 255, 2096.8, 2098.1, 2090.8
06/01/2016, 2097.9, 254, 2094, 2099, 2084.4
05/31/2016, 2094.9, 391, 2102.1, 2103.6, 2094.5
05/27/2016, 2097.3, 6, 2099, 2100.8, 2099
05/26/2016, 2089.7, 186, 2088.4, 2091.2, 2083
05/25/2016, 2087.3, 234, 2075, 2088.2, 2075
05/24/2016, 2075, 479, 2044.9, 2075.4, 2041.3
05/23/2016, 2045.3, 227, 2052.8, 2055.7, 2043.9
05/20/2016, 2050, 333, 2038.8, 2050.3, 2038.8
05/19/2016, 2038.7, 330, 2042.5, 2043.5, 2033.3
05/18/2016, 2041.6, 224, 2043.3, 2045.2, 2035.4
05/17/2016, 2043.6, 381, 2060.2, 2069.3, 2057.5
05/16/2016, 2062.7, 211, 2041, 2048.3, 2035.5
05/13/2016, 2043.6, 342, 2059.9, 2059.9, 2046.7
05/12/2016, 2058.8, 182, 2059.5, 2072.5, 2058
05/11/2016, 2058, 135, 2077.3, 2078, 2059.6
05/10/2016, 2077.6, 567, 2053.4, 2077.3, 2048.7
05/09/2016, 2054.3, 264, 2054, 2059.2, 2050
05/06/2016, 2052.7, 423, 2043, 2053, 2030.5
05/05/2016, 2043.9, 132, 2047.5, 2059, 2043.4
05/04/2016, 2046.9, 527, 2059.5, 2059.5, 2041.3
05/03/2016, 2056.9, 307, 2075, 2075.8, 2058.3
05/02/2016, 2074.3, 493, 2058.8, 2076, 2056.2
04/29/2016, 2059.1, 563, 2073.4, 2075, 2057.2
04/28/2016, 2072.4, 451, 2092.5, 2094, 2070.7
04/27/2016, 2090.7, 143, 2082, 2092.5, 2081.3
04/26/2016, 2088.4, 686, 2084, 2091, 2082
04/25/2016, 2083.2, 296, 2090.1, 2090.1, 2074.4
04/22/2016, 2086, 335, 2080.1, 2088.4, 2077
04/21/2016, 2082.8, 479, 2097.9, 2103.5, 2095
04/20/2016, 2098, 333, 2094, 2098, 2086
04/19/2016, 2093.7, 411, 2085.8, 2097.9, 2085
04/18/2016, 2086.7, 883, 2063.1, 2086.1, 2058.6
04/15/2016, 2075, 221, 2077.3, 2079.5, 2072
04/14/2016, 2076.6, 426, 2075.8, 2079.4, 2068
04/13/2016, 2075.9, 546, 2057, 2075.8, 2057
04/12/2016, 2055.7, 231, 2056, 2056, 2030.9
04/11/2016, 2034.5, 469, 2040.4, 2051, 2033.3
04/08/2016, 2040.7, 776, 2032, 2052.5, 2031
04/07/2016, 2035.1, 400, 2058.3, 2059.5, 2034.5
04/06/2016, 2060.2, 409, 2041.7, 2060.2, 2038.7
04/05/2016, 2038.8, 512, 2054.4, 2055.2, 2037
04/04/2016, 2057.5, 1064, 2062, 2071.2, 2061.2
04/01/2016, 2065.1, 558, 2052, 2065.2, 2036.9
03/31/2016, 2051.5, 285, 2055.7, 2056.8, 2047.8
03/30/2016, 2055.2, 347, 2048.7, 2060.2, 2048
03/29/2016, 2047.5, 211, 2030, 2049, 2021.6
03/28/2016, 2028, 190, 2031.7, 2038, 2028.1
03/24/2016, 2028.6, 638, 2028, 2029, 2013.6
03/23/2016, 2028.8, 269, 2040.9, 2044, 2028.6
03/22/2016, 2042.5, 620, 2043, 2043.7, 2028.4
03/21/2016, 2042.7, 369, 2036.9, 2043.5, 2031
03/18/2016, 2037.4, 444, 2032.1, 2037, 2028
03/17/2016, 2030.3, 958, 2019.2, 2032, 2006.1
03/16/2016, 2030.3, 196, 2007, 2010, 1998
03/15/2016, 2006.8, 309, 2009.9, 2010, 1996
03/14/2016, 2008.9, 523, 2009, 2010.9, 2004.6
03/11/2016, 2010.5, 545, 1979, 2010.9, 1978.8
03/10/2016, 1988.8, 602, 1990.6, 2010, 1987.6
03/09/2016, 1988.9, 443, 1980.2, 1993, 1979.6
03/08/2016, 1980.9, 374, 1998, 1998.7, 1980.9
03/07/2016, 1999.1, 405, 1994, 1995.7, 1984.8
03/04/2016, 1994.9, 678, 1990, 2002, 1987.3
03/03/2016, 1990.5, 1089, 1981.7, 1991.8, 1979.4
03/02/2016, 1983.6, 570, 1976, 1984.5, 1971.3
03/01/2016, 1977.9, 847, 1928.2, 1977.5, 1921.1
02/29/2016, 1929.5, 929, 1941, 1947.4, 1928.3
02/26/2016, 1942.7, 981, 1949.7, 1968.7, 1942.5
02/25/2016, 1950.4, 693, 1932, 1951, 1921
02/24/2016, 1930.2, 777, 1913.8, 1932.8, 1896.7
02/23/2016, 1916.1, 463, 1934, 1937.4, 1914
02/22/2016, 1936.3, 723, 1911.7, 1939, 1909.5
02/19/2016, 1914.5, 337, 1916.4, 1922.2, 1903.1
02/18/2016, 1916.6, 1079, 1926.1, 1933, 1917.3
02/17/2016, 1922.7, 722, 1888, 1926.5, 1882.5
02/16/2016, 1888.8, 1506, 1864.5, 1892.5, 1864.5
02/12/2016, 1858.3, 129, 1864.5, 1876, 1864.5
02/11/2016, 1824.5, 876, 1842.5, 1843, 1804.2
02/10/2016, 1846.7, 1008, 1852, 1871.9, 1840
02/09/2016, 1848.2, 1182, 1850.1, 1856.4, 1828.7
02/08/2016, 1852, 409, 1876, 1883.5, 1846
02/05/2016, 1875.3, 599, 1905.5, 1913.9, 1874
02/04/2016, 1907.8, N/A, 1907.8, 1907.8, 1907.8
02/03/2016, 1908.5, 672, 1897.5, 1909.9, 1886.1
02/02/2016, 1897.4, 766, 1897.4, 1929, 1897.4
02/01/2016, 1931.3, 694, 1931.5, 1931.5, 1914.1
01/29/2016, 1930.1, 651, 1878.1, 1929.9, 1877.1
01/28/2016, 1880.7, 559, 1879, 1895, 1867.7
01/27/2016, 1875.1, 466, 1885, 1892.7, 1878
01/26/2016, 1895.9, 1416, 1872, 1894.3, 1851.9
01/25/2016, 1870.2, 574, 1869.7, 1904, 1869.7
01/22/2016, 1899.2, 817, 1860, 1898.8, 1857.2
01/21/2016, 1861, 1358, 1856.5, 1875, 1836.4
01/20/2016, 1854.9, 564, 1874, 1875.6, 1830
01/19/2016, 1872.9, 2471, 1872, 1907, 1860
01/15/2016, 1875, 1595, 1867.9, 1887, 1860
01/14/2016, 1914.6, 643, 1883.6, 1913.4, 1875
01/13/2016, 1881.4, 772, 1926, 1946, 1881.4
01/12/2016, 1924.9, 763, 1915.6, 1935.8, 1900
01/11/2016, 1914.2, 933, 1912.7, 1928.5, 1895
01/08/2016, 1911.5, 858, 1933, 1964.1, 1911
01/07/2016, 1932.9, 980, 1987, 1988.1, 1931.5
01/06/2016, 1985.9, 839, 2011.9, 2012, 1972
01/05/2016, 2011.7, 1122, 2010, 2016.8, 1993.1
01/04/2016, 2009.1, 762, 2037.9, 2042, 1995.1
12/31/2015, 2035.4, 209, 2054.5, 2056.5, 2035.4
12/30/2015, 2054.6, N/A, 2054.6, 2054.6, 2054.6
12/29/2015, 2072.8, 13, 2049.7, 2049.7, 2048.2
12/28/2015, 2048.8, 431, 2052.4, 2053, 2041.1
12/24/2015, 2051.2, 226, 2052.9, 2054.8, 2049.4
12/23/2015, 2053, 336, 2034.2, 2053.1, 2033
12/22/2015, 2014.9, 5, 2020.6, 2020.9, 2016
12/21/2015, 2014.9, 14, 2020.6, 2020.9, 2015.6
12/18/2015, 1991.9, 380, 1992.7, 2028.5, 1992.7
12/17/2015, 2024.7, 448, 2060.7, 2073, 2023.9
12/16/2015, 2063.7, 401, 2037.5, 2061.7, 2037
12/15/2015, 2037.1, 588, 2016.6, 2038.3, 2012
12/14/2015, 2009.6, 551, 2002, 2018.7, 1991.3
12/11/2015, 2001.2, 475, 2046.9, 2046.9, 1998.1
12/10/2015, 2049.3, 324, 2047.4, 2054.8, 2044.7
12/09/2015, 2042.1, 561, 2062.5, 2067.6, 2043.6
12/08/2015, 2058.7, 370, 2080.3, 2080.3, 2056.7
12/07/2015, 2081, 461, 2092.2, 2095, 2080.8
12/04/2015, 2088.4, 803, 2056.2, 2089.4, 2047.3
12/03/2015, 2051.2, 811, 2083, 2095, 2051.7
12/02/2015, 2081.6, 369, 2099.6, 2104.8, 2083.4
12/01/2015, 2099.9, 403, 2086.8, 2099.7, 2083.7
11/30/2015, 2079.8, 404, 2089.7, 2094.9, 2083
11/27/2015, 2089.9, 440, 2089.4, 2097.7, 2083.6
11/25/2015, 2088.1, 13, 2089.4, 2091.4, 2089.4
11/24/2015, 2084.7, 397, 2082.7, 2087.2, 2066
11/23/2015, 2084.2, 275, 2088.9, 2091.5, 2083.5
11/20/2015, 2088.7, 287, 2077.1, 2088.9, 2077
11/19/2015, 2079.2, 877, 2078, 2089.2, 2078
11/18/2015, 2079.7, 427, 2048.7, 2079.3, 2043.3
11/17/2015, 2049, 1370, 2046.3, 2058.8, 2046
11/16/2015, 2048, 679, 2007.9, 2049.9, 2000.3
11/13/2015, 2018.6, 835, 2039, 2045, 2012.5
11/12/2015, 2040.6, 376, 2068, 2077.1, 2040
11/11/2015, 2069, 459, 2076.5, 2086.8, 2068.4
11/10/2015, 2078.1, 754, 2072.7, 2077.8, 2065.1
11/09/2015, 2072.9, 301, 2091.5, 2097, 2071.9
11/06/2015, 2093.7, 724, 2094.1, 2098.2, 2083.8
11/05/2015, 2094, 654, 2095.2, 2103.8, 2092
11/04/2015, 2094.7, 454, 2101.4, 2108.8, 2094.8
11/03/2015, 2102.9, 666, 2094, 2102.5, 2089.1
11/02/2015, 2095.4, 907, 2095, 2095, 2064.7
10/30/2015, 2073.7, 640, 2085.1, 2093, 2074
10/29/2015, 2083, 459, 2081, 2084.9, 2072.9
10/28/2015, 2084.5, 473, 2061, 2083.4, 2060
10/27/2015, 2060.4, 283, 2063.6, 2064.4, 2055
10/26/2015, 2062.3, 305, 2066, 2066.8, 2059
10/23/2015, 2066, 1432, 2054, 2074.1, 2053.3
10/22/2015, 2053.1, 484, 2010.1, 2023, 2009
10/21/2015, 2008.5, 350, 2017.7, 2033.5, 2008
10/20/2015, 2020.6, 296, 2025.9, 2027, 2019.3
10/19/2015, 2027.4, 601, 2024.5, 2027.9, 2016
10/16/2015, 2025.5, 398, 2018.9, 2025.7, 2014.3
10/15/2015, 2019, 805, 1988, 1999.6, 1987.9
10/14/2015, 1984, 251, 1991, 1998.3, 1985.5
10/13/2015, 1993.9, 467, 2011.9, 2012, 1991.3
10/12/2015, 2010.9, 174, 2006.5, 2012, 2004.3
10/09/2015, 2007.4, 506, 2005, 2013.8, 1999
10/08/2015, 2006.6, 587, 1987.3, 2005.4, 1970.8
10/07/2015, 1987.2, 638, 1961.7, 1987.5, 1961.6
10/06/2015, 1968.6, 718, 1972.6, 1975, 1963.6
10/05/2015, 1974.7, 1069, 1940.5, 1975.2, 1938
10/02/2015, 1943.1, 976, 1918, 1928.5, 1885.6
10/01/2015, 1916.8, 726, 1901.7, 1928.4, 1901.7
09/30/2015, 1908.7, 1105, 1877, 1902.8, 1873.7
09/29/2015, 1874.5, 922, 1879, 1885.8, 1861.5
09/28/2015, 1872.1, 634, 1871.5, 1927.1, 1871.5
09/25/2015, 1919.2, 962, 1920, 1950, 1915.6
09/24/2015, 1918.8, 630, 1920.2, 1935.9, 1908.4
09/23/2015, 1928.6, 919, 1927.6, 1941.4, 1912
09/22/2015, 1932.1, 689, 1964.1, 1964.1, 1926.4
09/21/2015, 1963.1, 753, 1949, 1964, 1939
09/18/2015, 1950.6, 3279, 1976, 1982.1, 1947.8
09/17/2015, 1977.2, 273, 1986.4, 1987.1, 1975.3
09/16/2015, 1988, 436, 1970, 1987.4, 1963.6
09/15/2015, 1970, 508, 1944.8, 1971.2, 1935.7
09/14/2015, 1944, 362, 1953.5, 1962.3, 1943.3
09/11/2015, 1950.3, 477, 1940, 1951.9, 1928
09/10/2015, 1949.6, 690, 1943.2, 1965.5, 1929.5
09/09/2015, 1942.7, 656, 1965, 1991.7, 1941.8
09/08/2015, 1965.7, 1450, 1926.4, 1967.3, 1920
09/04/2015, 1921.7, 119, 1926.4, 1936.1, 1920
09/03/2015, 1946.1, 835, 1948.5, 1965.1, 1944.8
09/02/2015, 1947.1, 723, 1912, 1948.4, 1911
09/01/2015, 1915.9, 1741, 1962.3, 1962.3, 1911.5
08/31/2015, 1969.2, 447, 1986.1, 1986.1, 1960
08/28/2015, 1989.7, 990, 1987.5, 1992.5, 1967.7
08/27/2015, 1989.3, 762, 1941.7, 1989.1, 1935.3
08/26/2015, 1938.1, 1470, 1867.6, 1941.2, 1851
08/25/2015, 1872.8, 2953, 1872.5, 1948.1, 1866.5
08/24/2015, 1871.2, 3518, 1967.4, 1967.4, 1868.7
08/21/2015, 1971.4, 1155, 2027, 2028.7, 1969
08/20/2015, 2025.4, 733, 2073.1, 2077, 2025.2
08/19/2015, 2072.7, 639, 2093.2, 2097, 2071.5
08/18/2015, 2093.9, 651, 2098.3, 2103.3, 2092.8
08/17/2015, 2099.3, 644, 2089.7, 2098.8, 2079.8
08/14/2015, 2089.4, 544, 2079.8, 2090.1, 2073.8
08/13/2015, 2080.5, 2661, 2083, 2092.8, 2079.8
08/12/2015, 2084.2, 764, 2080.8, 2084.7, 2054.3
08/11/2015, 2079.7, 880, 2101.3, 2101.3, 2080.2
08/10/2015, 2099.8, 352, 2099.3, 2101, 2072.3
08/07/2015, 2073.6, 371, 2080, 2081.9, 2071.8
08/06/2015, 2079.5, 401, 2093, 2098.9, 2091.5
08/05/2015, 2093.8, 442, 2083.5, 2102.7, 2083.5
08/04/2015, 2082.9, 456, 2089.3, 2092.3, 2084
08/03/2015, 2090.9, 286, 2099.9, 2101.8, 2090.6
07/31/2015, 2098.4, 413, 2101.8, 2107.3, 2097.8
07/30/2015, 2103.7, 401, 2098.7, 2103.2, 2091.5
07/29/2015, 2101.5, 468, 2088, 2093.5, 2084.8
07/28/2015, 2087.2, 522, 2065, 2088.5, 2063
07/27/2015, 2064.4, 807, 2078, 2080.3, 2064.1
07/24/2015, 2077.6, 382, 2101.6, 2103.6, 2077.6
07/23/2015, 2098.5, 411, 2109.3, 2113.6, 2100.2
07/22/2015, 2107.9, 621, 2108.2, 2110.4, 2103
07/21/2015, 2114.4, 477, 2121.2, 2124.6, 2107.4
07/20/2015, 2121.9, 443, 2117.6, 2122.3, 2117.6
07/17/2015, 2118.8, 251, 2116.5, 2119.6, 2115.2
07/16/2015, 2116.9, 320, 2116.9, 2117.5, 2103.7
07/15/2015, 2104.2, 474, 2102.2, 2106.8, 2100.7
07/14/2015, 2102.1, 466, 2101.6, 2102.9, 2090.7
07/13/2015, 2094.4, 920, 2094.1, 2094.1, 2057.8
07/10/2015, 2069, 1179, 2048.7, 2070.1, 2047.2
07/09/2015, 2041.2, 741, 2042, 2063.3, 2038.4
07/08/2015, 2039.2, 1135, 2073.4, 2073.4, 2039
07/07/2015, 2073.7, 704, 2069, 2077.4, 2065.1
07/06/2015, 2064.6, 556, 2043.5, 2068.1, 2035
07/02/2015, 2068.8, 469, 2071.5, 2077.6, 2069
07/01/2015, 2070.9, 563, 2055, 2077.4, 2055
06/30/2015, 2054.4, 869, 2052.9, 2068.7, 2051.5
06/29/2015, 2050.5, 1065, 2081.8, 2081.8, 2050.5
06/26/2015, 2095.7, 312, 2094.5, 2099.1, 2090.8
06/25/2015, 2093.9, 488, 2102, 2112.6, 2093.7
06/24/2015, 2099.4, 396, 2117.6, 2117.6, 2100
06/23/2015, 2116.4, 379, 2114.8, 2120.1, 2114.4
06/22/2015, 2112.8, 572, 2106.8, 2117.5, 2105.5
06/19/2015, 2097.7, 621, 2114.9, 2117.7, 2097.6
06/18/2015, 2114.7, 393, 2089, 2116, 2083.5
06/17/2015, 2089.2, 456, 2090, 2095.7, 2087.8
06/16/2015, 2089, 484, 2075.4, 2089.9, 2062.8
06/15/2015, 2075.6, 344, 2078.9, 2080.9, 2071.3
06/12/2015, 2084.9, 423, 2100.8, 2101, 2092
06/11/2015, 2109.2, 413, 2104, 2110.1, 2104
06/10/2015, 2106.9, 588, 2081, 2106.4, 2080.3
06/09/2015, 2080.1, 666, 2080.4, 2082, 2068.9
06/08/2015, 2078.2, 773, 2088.5, 2093, 2078.5
06/05/2015, 2092.2, 592, 2099, 2101.2, 2087
06/04/2015, 2098.9, 438, 2115.6, 2116.2, 2098.6
06/03/2015, 2116, 719, 2107, 2119.6, 2107
06/02/2015, 2106.7, 1719, 2111.4, 2112, 2094.9
06/01/2015, 2109.2, 1060, 2109.3, 2115.4, 2104.1
05/29/2015, 2106, 288, 2121.6, 2122.6, 2107.4
05/28/2015, 2121.7, 444, 2121.4, 2122.5, 2115.4
05/27/2015, 2120.9, 460, 2103.4, 2120.2, 2101.3
05/26/2015, 2104.9, 517, 2122.7, 2126, 2105.2
05/22/2015, 2124.6, 355, 2129, 2130.6, 2123.4
05/21/2015, 2128, 325, 2120, 2128.8, 2116
05/20/2015, 2122.5, 352, 2124, 2126, 2121.9
05/19/2015, 2124.6, 519, 2126.2, 2133.4, 2123.4
05/18/2015, 2125.9, 341, 2118.9, 2126.8, 2112.5
05/15/2015, 2118.9, 1208, 2117.1, 2122.7, 2116.5
05/14/2015, 2117.6, 417, 2096, 2117.8, 2093.5
05/13/2015, 2094.5, 490, 2094.8, 2105.8, 2094.8
05/12/2015, 2095, 1047, 2098.3, 2100.7, 2080
05/11/2015, 2097.8, 410, 2107.3, 2110.3, 2096.5
05/08/2015, 2108.4, 734, 2108.6, 2108.6, 2084.5
05/07/2015, 2084.2, 1613, 2074.7, 2084, 2057.7
05/06/2015, 2074.2, 583, 2074, 2092.3, 2074
05/05/2015, 2084, 705, 2108.8, 2111.2, 2084.9
05/04/2015, 2109.3, 424, 2101.5, 2108.5, 2098.1
05/01/2015, 2101.6, 326, 2081, 2101.6, 2081
04/30/2015, 2078.9, 932, 2097.6, 2101.2, 2082.3
04/29/2015, 2099, 465, 2110.7, 2112.1, 2095.3
04/28/2015, 2112, 694, 2104, 2104.6, 2095.5
04/27/2015, 2104.7, 522, 2114, 2117.8, 2103.8
04/24/2015, 2111.7, 382, 2106.4, 2112.8, 2103.6
04/23/2015, 2106.9, 515, 2099.6, 2109.1, 2088
04/22/2015, 2100.2, 816, 2100.6, 2100.6, 2080.4
04/21/2015, 2091, 805, 2089.9, 2105.1, 2089.9
04/20/2015, 2091, 1329, 2081.9, 2091, 2079.2
04/17/2015, 2075.5, 1202, 2101.3, 2101.5, 2075.9
04/16/2015, 2100.8, 789, 2101.4, 2102.2, 2089.3
04/15/2015, 2099.8, 577, 2090.2, 2102.2, 2087.5
04/14/2015, 2090.9, 886, 2087.1, 2092.7, 2079.2
04/13/2015, 2086.5, 1186, 2094.5, 2097.6, 2086
04/10/2015, 2095.5, 793, 2085.5, 2096.1, 2083.6
04/09/2015, 2085.7, 634, 2077, 2086.5, 2067.4
04/08/2015, 2075.9, 570, 2069.4, 2076.5, 2064.8
04/07/2015, 2067.8, N/A, 2067.8, 2067.8, 2067.8
04/06/2015, 2073.2, 174, 2039.9, 2073.2, 2039.9
04/02/2015, 2059.5, 143, 2059.3, 2062.1, 2038.9
04/01/2015, 2053.1, 1185, 2057.8, 2060.8, 2039.4
03/31/2015, 2060.8, 696, 2076.6, 2076.8, 2058.2
03/30/2015, 2075.6, 712, 2076.3, 2076.3, 2049.5
03/27/2015, 2052.6, 717, 2050.2, 2056.7, 2041.9
03/26/2015, 2048.5, 1169, 2055.1, 2055.8, 2033.3
03/25/2015, 2053.8, 716, 2085.2, 2088.1, 2081.7
03/24/2015, 2084.9, 551, 2095.4, 2100.8, 2085
03/23/2015, 2094.8, 1263, 2101.9, 2105, 2093.7
03/20/2015, 2099.2, 623, 2078.6, 2100.7, 2078.1
03/19/2015, 2081.6, 885, 2094, 2098.8, 2084.5
03/18/2015, 2092.6, 933, 2066.3, 2093.9, 2056.9
03/17/2015, 2066.2, 2859, 2066, 2069.8, 2061
03/16/2015, 2068.6, N/A, 2068.6, 2068.6, 2068.6
03/13/2015, 2042.2, 472, 2057, 2061, 2044.1
03/12/2015, 2064, 946, 2037.5, 2050.6, 2037.5
03/11/2015, 2039.5, 1110, 2044.1, 2052.1, 2040.6
03/10/2015, 2041.9, 1144, 2077.6, 2077.9, 2042.7
03/09/2015, 2077.7, 799, 2067.5, 2077.9, 2066.2
03/06/2015, 2070.8, 690, 2074, 2102.9, 2071
03/05/2015, 2099.7, 769, 2096.4, 2103.5, 2094.8
03/04/2015, 2096.5, 977, 2104.2, 2104.2, 2096.3
03/03/2015, 2104.8, N/A, 2104.8, 2104.8, 2104.8
03/02/2015, 2113.9, N/A, 2113.9, 2113.9, 2113.9
02/27/2015, 2102.8, 579, 2109.3, 2109.3, 2105.1
